OrderID,OrderDate,CustomerID,ContactName
10248,1996-07-04 00:00:00,VINET,Paul Henriot
10249,1996-07-05 00:00:00,TOMSP,Karin Josephs
10250,1996-07-08 00:00:00,HANAR,Mario Pontes
10251,1996-07-08 00:00:00,VICTE,Mary Saveley
10252,1996-07-09 00:00:00,SUPRD,Pascale Cartrain
10253,1996-07-10 00:00:00,HANAR,Mario Pontes
10254,1996-07-11 00:00:00,CHOPS,Yang Wang
10255,1996-07-12 00:00:00,RICSU,Michael Holz
10256,1996-07-15 00:00:00,WELLI,Paula Parente
10257,1996-07-16 00:00:00,HILAA,Carlos Hernndez
10258,1996-07-17 00:00:00,ERNSH,Roland Mendel
10259,1996-07-18 00:00:00,CENTC,Francisco Chang
10260,1996-07-19 00:00:00,OTTIK,Henriette Pfalzheim
10261,1996-07-19 00:00:00,QUEDE,Bernardo Batista
10262,1996-07-22 00:00:00,RATTC,Paula Wilson
10263,1996-07-23 00:00:00,ERNSH,Roland Mendel
10264,1996-07-24 00:00:00,FOLKO,Maria Larsson
10265,1996-07-25 00:00:00,BLONP,Frdrique Citeaux
10266,1996-07-26 00:00:00,WARTH,Pirkko Koskitalo
10267,1996-07-29 00:00:00,FRANK,Peter Franken
10268,1996-07-30 00:00:00,GROSR,Manuel Pereira
10269,1996-07-31 00:00:00,WHITC,Karl Jablonski
10270,1996-08-01 00:00:00,WARTH,Pirkko Koskitalo
10271,1996-08-01 00:00:00,SPLIR,Art Braunschweiger
10272,1996-08-02 00:00:00,RATTC,Paula Wilson
10273,1996-08-05 00:00:00,QUICK,Horst Kloss
10274,1996-08-06 00:00:00,VINET,Paul Henriot
10275,1996-08-07 00:00:00,MAGAA,Giovanni Rovelli
10276,1996-08-08 00:00:00,TORTU,Miguel Angel Paolino
10277,1996-08-09 00:00:00,MORGK,Alexander Feuer
10278,1996-08-12 00:00:00,BERGS,Christina Berglund
10279,1996-08-13 00:00:00,LEHMS,Renate Messner
10280,1996-08-14 00:00:00,BERGS,Christina Berglund
10281,1996-08-14 00:00:00,ROMEY,Alejandra Camino
10282,1996-08-15 00:00:00,ROMEY,Alejandra Camino
10283,1996-08-16 00:00:00,LILAS,Carlos Gonzlez
10284,1996-08-19 00:00:00,LEHMS,Renate Messner
10285,1996-08-20 00:00:00,QUICK,Horst Kloss
10286,1996-08-21 00:00:00,QUICK,Horst Kloss
10287,1996-08-22 00:00:00,RICAR,Janete Limeira
10288,1996-08-23 00:00:00,REGGC,Maurizio Moroni
10289,1996-08-26 00:00:00,BSBEV,Victoria Ashworth
10290,1996-08-27 00:00:00,COMMI,Pedro Afonso
10291,1996-08-27 00:00:00,QUEDE,Bernardo Batista
10292,1996-08-28 00:00:00,TRADH,Anabela Domingues
10293,1996-08-29 00:00:00,TORTU,Miguel Angel Paolino
10294,1996-08-30 00:00:00,RATTC,Paula Wilson
10295,1996-09-02 00:00:00,VINET,Paul Henriot
10296,1996-09-03 00:00:00,LILAS,Carlos Gonzlez
10297,1996-09-04 00:00:00,BLONP,Frdrique Citeaux
10298,1996-09-05 00:00:00,HUNGO,Patricia McKenna
10299,1996-09-06 00:00:00,RICAR,Janete Limeira
10300,1996-09-09 00:00:00,MAGAA,Giovanni Rovelli
10301,1996-09-09 00:00:00,WANDK,Rita Mller
10302,1996-09-10 00:00:00,SUPRD,Pascale Cartrain
10303,1996-09-11 00:00:00,GODOS,Jos Pedro Freyre
10304,1996-09-12 00:00:00,TORTU,Miguel Angel Paolino
10305,1996-09-13 00:00:00,OLDWO,Rene Phillips
10306,1996-09-16 00:00:00,ROMEY,Alejandra Camino
10307,1996-09-17 00:00:00,LONEP,Fran Wilson
10308,1996-09-18 00:00:00,ANATR,Ana Trujillo
10309,1996-09-19 00:00:00,HUNGO,Patricia McKenna
10310,1996-09-20 00:00:00,THEBI,Liz Nixon
10311,1996-09-20 00:00:00,DUMON,Janine Labrune
10312,1996-09-23 00:00:00,WANDK,Rita Mller
10313,1996-09-24 00:00:00,QUICK,Horst Kloss
10314,1996-09-25 00:00:00,RATTC,Paula Wilson
10315,1996-09-26 00:00:00,ISLAT,Helen Bennett
10316,1996-09-27 00:00:00,RATTC,Paula Wilson
10317,1996-09-30 00:00:00,LONEP,Fran Wilson
10318,1996-10-01 00:00:00,ISLAT,Helen Bennett
10319,1996-10-02 00:00:00,TORTU,Miguel Angel Paolino
10320,1996-10-03 00:00:00,WARTH,Pirkko Koskitalo
10321,1996-10-03 00:00:00,ISLAT,Helen Bennett
10322,1996-10-04 00:00:00,PERIC,Guillermo Fernndez
10323,1996-10-07 00:00:00,KOENE,Philip Cramer
10324,1996-10-08 00:00:00,SAVEA,Jose Pavarotti
10325,1996-10-09 00:00:00,KOENE,Philip Cramer
10326,1996-10-10 00:00:00,BOLID,Martn Sommer
10327,1996-10-11 00:00:00,FOLKO,Maria Larsson
10328,1996-10-14 00:00:00,FURIB,Lino Rodriguez
10329,1996-10-15 00:00:00,SPLIR,Art Braunschweiger
10330,1996-10-16 00:00:00,LILAS,Carlos Gonzlez
10331,1996-10-16 00:00:00,BONAP,Laurence Lebihan
10332,1996-10-17 00:00:00,MEREP,Jean Fresnire
10333,1996-10-18 00:00:00,WARTH,Pirkko Koskitalo
10334,1996-10-21 00:00:00,VICTE,Mary Saveley
10335,1996-10-22 00:00:00,HUNGO,Patricia McKenna
10336,1996-10-23 00:00:00,PRINI,Isabel de Castro
10337,1996-10-24 00:00:00,FRANK,Peter Franken
10338,1996-10-25 00:00:00,OLDWO,Rene Phillips
10339,1996-10-28 00:00:00,MEREP,Jean Fresnire
10340,1996-10-29 00:00:00,BONAP,Laurence Lebihan
10341,1996-10-29 00:00:00,SIMOB,Jytte Petersen
10342,1996-10-30 00:00:00,FRANK,Peter Franken
10343,1996-10-31 00:00:00,LEHMS,Renate Messner
10344,1996-11-01 00:00:00,WHITC,Karl Jablonski
10345,1996-11-04 00:00:00,QUICK,Horst Kloss
10346,1996-11-05 00:00:00,RATTC,Paula Wilson
10347,1996-11-06 00:00:00,FAMIA,Aria Cruz
10348,1996-11-07 00:00:00,WANDK,Rita Mller
10349,1996-11-08 00:00:00,SPLIR,Art Braunschweiger
10350,1996-11-11 00:00:00,LAMAI,Annette Roulet
10351,1996-11-11 00:00:00,ERNSH,Roland Mendel
10352,1996-11-12 00:00:00,FURIB,Lino Rodriguez
10353,1996-11-13 00:00:00,PICCO,Georg Pipps
10354,1996-11-14 00:00:00,PERIC,Guillermo Fernndez
10355,1996-11-15 00:00:00,AROUT,Thomas Hardy
10356,1996-11-18 00:00:00,WANDK,Rita Mller
10357,1996-11-19 00:00:00,LILAS,Carlos Gonzlez
10358,1996-11-20 00:00:00,LAMAI,Annette Roulet
10359,1996-11-21 00:00:00,SEVES,Hari Kumar
10360,1996-11-22 00:00:00,BLONP,Frdrique Citeaux
10361,1996-11-22 00:00:00,QUICK,Horst Kloss
10362,1996-11-25 00:00:00,BONAP,Laurence Lebihan
10363,1996-11-26 00:00:00,DRACD,Sven Ottlieb
10364,1996-11-26 00:00:00,EASTC,Ann Devon
10365,1996-11-27 00:00:00,ANTON,Antonio Moreno
10366,1996-11-28 00:00:00,GALED,Eduardo Saavedra
10367,1996-11-28 00:00:00,VAFFE,Palle Ibsen
10368,1996-11-29 00:00:00,ERNSH,Roland Mendel
10369,1996-12-02 00:00:00,SPLIR,Art Braunschweiger
10370,1996-12-03 00:00:00,CHOPS,Yang Wang
10371,1996-12-03 00:00:00,LAMAI,Annette Roulet
10372,1996-12-04 00:00:00,QUEEN,Lcia Carvalho
10373,1996-12-05 00:00:00,HUNGO,Patricia McKenna
10374,1996-12-05 00:00:00,WOLZA,Zbyszek Piestrzeniewicz
10375,1996-12-06 00:00:00,HUNGC,Yoshi Latimer
10376,1996-12-09 00:00:00,MEREP,Jean Fresnire
10377,1996-12-09 00:00:00,SEVES,Hari Kumar
10378,1996-12-10 00:00:00,FOLKO,Maria Larsson
10379,1996-12-11 00:00:00,QUEDE,Bernardo Batista
10380,1996-12-12 00:00:00,HUNGO,Patricia McKenna
10381,1996-12-12 00:00:00,LILAS,Carlos Gonzlez
10382,1996-12-13 00:00:00,ERNSH,Roland Mendel
10383,1996-12-16 00:00:00,AROUT,Thomas Hardy
10384,1996-12-16 00:00:00,BERGS,Christina Berglund
10385,1996-12-17 00:00:00,SPLIR,Art Braunschweiger
10386,1996-12-18 00:00:00,FAMIA,Aria Cruz
10387,1996-12-18 00:00:00,SANTG,Jonas Bergulfsen
10388,1996-12-19 00:00:00,SEVES,Hari Kumar
10389,1996-12-20 00:00:00,BOTTM,Elizabeth Lincoln
10390,1996-12-23 00:00:00,ERNSH,Roland Mendel
10391,1996-12-23 00:00:00,DRACD,Sven Ottlieb
10392,1996-12-24 00:00:00,PICCO,Georg Pipps
10393,1996-12-25 00:00:00,SAVEA,Jose Pavarotti
10394,1996-12-25 00:00:00,HUNGC,Yoshi Latimer
10395,1996-12-26 00:00:00,HILAA,Carlos Hernndez
10396,1996-12-27 00:00:00,FRANK,Peter Franken
10397,1996-12-27 00:00:00,PRINI,Isabel de Castro
10398,1996-12-30 00:00:00,SAVEA,Jose Pavarotti
10399,1996-12-31 00:00:00,VAFFE,Palle Ibsen
10400,1997-01-01 00:00:00,EASTC,Ann Devon
10401,1997-01-01 00:00:00,RATTC,Paula Wilson
10402,1997-01-02 00:00:00,ERNSH,Roland Mendel
10403,1997-01-03 00:00:00,ERNSH,Roland Mendel
10404,1997-01-03 00:00:00,MAGAA,Giovanni Rovelli
10405,1997-01-06 00:00:00,LINOD,Felipe Izquierdo
10406,1997-01-07 00:00:00,QUEEN,Lcia Carvalho
10407,1997-01-07 00:00:00,OTTIK,Henriette Pfalzheim
10408,1997-01-08 00:00:00,FOLIG,Martine Ranc
10409,1997-01-09 00:00:00,OCEAN,Yvonne Moncada
10410,1997-01-10 00:00:00,BOTTM,Elizabeth Lincoln
10411,1997-01-10 00:00:00,BOTTM,Elizabeth Lincoln
10412,1997-01-13 00:00:00,WARTH,Pirkko Koskitalo
10413,1997-01-14 00:00:00,LAMAI,Annette Roulet
10414,1997-01-14 00:00:00,FAMIA,Aria Cruz
10415,1997-01-15 00:00:00,HUNGC,Yoshi Latimer
10416,1997-01-16 00:00:00,WARTH,Pirkko Koskitalo
10417,1997-01-16 00:00:00,SIMOB,Jytte Petersen
10418,1997-01-17 00:00:00,QUICK,Horst Kloss
10419,1997-01-20 00:00:00,RICSU,Michael Holz
10420,1997-01-21 00:00:00,WELLI,Paula Parente
10421,1997-01-21 00:00:00,QUEDE,Bernardo Batista
10422,1997-01-22 00:00:00,FRANS,Paolo Accorti
10423,1997-01-23 00:00:00,GOURL,Andr Fonseca
10424,1997-01-23 00:00:00,MEREP,Jean Fresnire
10425,1997-01-24 00:00:00,LAMAI,Annette Roulet
10426,1997-01-27 00:00:00,GALED,Eduardo Saavedra
10427,1997-01-27 00:00:00,PICCO,Georg Pipps
10428,1997-01-28 00:00:00,REGGC,Maurizio Moroni
10429,1997-01-29 00:00:00,HUNGO,Patricia McKenna
10430,1997-01-30 00:00:00,ERNSH,Roland Mendel
10431,1997-01-30 00:00:00,BOTTM,Elizabeth Lincoln
10432,1997-01-31 00:00:00,SPLIR,Art Braunschweiger
10433,1997-02-03 00:00:00,PRINI,Isabel de Castro
10434,1997-02-03 00:00:00,FOLKO,Maria Larsson
10435,1997-02-04 00:00:00,CONSH,Elizabeth Brown
10436,1997-02-05 00:00:00,BLONP,Frdrique Citeaux
10437,1997-02-05 00:00:00,WARTH,Pirkko Koskitalo
10438,1997-02-06 00:00:00,TOMSP,Karin Josephs
10439,1997-02-07 00:00:00,MEREP,Jean Fresnire
10440,1997-02-10 00:00:00,SAVEA,Jose Pavarotti
10441,1997-02-10 00:00:00,OLDWO,Rene Phillips
10442,1997-02-11 00:00:00,ERNSH,Roland Mendel
10443,1997-02-12 00:00:00,REGGC,Maurizio Moroni
10444,1997-02-12 00:00:00,BERGS,Christina Berglund
10445,1997-02-13 00:00:00,BERGS,Christina Berglund
10446,1997-02-14 00:00:00,TOMSP,Karin Josephs
10447,1997-02-14 00:00:00,RICAR,Janete Limeira
10448,1997-02-17 00:00:00,RANCH,Sergio Gutirrez
10449,1997-02-18 00:00:00,BLONP,Frdrique Citeaux
10450,1997-02-19 00:00:00,VICTE,Mary Saveley
10451,1997-02-19 00:00:00,QUICK,Horst Kloss
10452,1997-02-20 00:00:00,SAVEA,Jose Pavarotti
10453,1997-02-21 00:00:00,AROUT,Thomas Hardy
10454,1997-02-21 00:00:00,LAMAI,Annette Roulet
10455,1997-02-24 00:00:00,WARTH,Pirkko Koskitalo
10456,1997-02-25 00:00:00,KOENE,Philip Cramer
10457,1997-02-25 00:00:00,KOENE,Philip Cramer
10458,1997-02-26 00:00:00,SUPRD,Pascale Cartrain
10459,1997-02-27 00:00:00,VICTE,Mary Saveley
10460,1997-02-28 00:00:00,FOLKO,Maria Larsson
10461,1997-02-28 00:00:00,LILAS,Carlos Gonzlez
10462,1997-03-03 00:00:00,CONSH,Elizabeth Brown
10463,1997-03-04 00:00:00,SUPRD,Pascale Cartrain
10464,1997-03-04 00:00:00,FURIB,Lino Rodriguez
10465,1997-03-05 00:00:00,VAFFE,Palle Ibsen
10466,1997-03-06 00:00:00,COMMI,Pedro Afonso
10467,1997-03-06 00:00:00,MAGAA,Giovanni Rovelli
10468,1997-03-07 00:00:00,KOENE,Philip Cramer
10469,1997-03-10 00:00:00,WHITC,Karl Jablonski
10470,1997-03-11 00:00:00,BONAP,Laurence Lebihan
10471,1997-03-11 00:00:00,BSBEV,Victoria Ashworth
10472,1997-03-12 00:00:00,SEVES,Hari Kumar
10473,1997-03-13 00:00:00,ISLAT,Helen Bennett
10474,1997-03-13 00:00:00,PERIC,Guillermo Fernndez
10475,1997-03-14 00:00:00,SUPRD,Pascale Cartrain
10476,1997-03-17 00:00:00,HILAA,Carlos Hernndez
10477,1997-03-17 00:00:00,PRINI,Isabel de Castro
10478,1997-03-18 00:00:00,VICTE,Mary Saveley
10479,1997-03-19 00:00:00,RATTC,Paula Wilson
10480,1997-03-20 00:00:00,FOLIG,Martine Ranc
10481,1997-03-20 00:00:00,RICAR,Janete Limeira
10482,1997-03-21 00:00:00,LAZYK,John Steel
10483,1997-03-24 00:00:00,WHITC,Karl Jablonski
10484,1997-03-24 00:00:00,BSBEV,Victoria Ashworth
10485,1997-03-25 00:00:00,LINOD,Felipe Izquierdo
10486,1997-03-26 00:00:00,HILAA,Carlos Hernndez
10487,1997-03-26 00:00:00,QUEEN,Lcia Carvalho
10488,1997-03-27 00:00:00,FRANK,Peter Franken
10489,1997-03-28 00:00:00,PICCO,Georg Pipps
10490,1997-03-31 00:00:00,HILAA,Carlos Hernndez
10491,1997-03-31 00:00:00,FURIB,Lino Rodriguez
10492,1997-04-01 00:00:00,BOTTM,Elizabeth Lincoln
10493,1997-04-02 00:00:00,LAMAI,Annette Roulet
10494,1997-04-02 00:00:00,COMMI,Pedro Afonso
10495,1997-04-03 00:00:00,LAUGB,Yoshi Tannamuri
10496,1997-04-04 00:00:00,TRADH,Anabela Domingues
10497,1997-04-04 00:00:00,LEHMS,Renate Messner
10498,1997-04-07 00:00:00,HILAA,Carlos Hernndez
10499,1997-04-08 00:00:00,LILAS,Carlos Gonzlez
10500,1997-04-09 00:00:00,LAMAI,Annette Roulet
10501,1997-04-09 00:00:00,BLAUS,Hanna Moos
10502,1997-04-10 00:00:00,PERIC,Guillermo Fernndez
10503,1997-04-11 00:00:00,HUNGO,Patricia McKenna
10504,1997-04-11 00:00:00,WHITC,Karl Jablonski
10505,1997-04-14 00:00:00,MEREP,Jean Fresnire
10506,1997-04-15 00:00:00,KOENE,Philip Cramer
10507,1997-04-15 00:00:00,ANTON,Antonio Moreno
10508,1997-04-16 00:00:00,OTTIK,Henriette Pfalzheim
10509,1997-04-17 00:00:00,BLAUS,Hanna Moos
10510,1997-04-18 00:00:00,SAVEA,Jose Pavarotti
10511,1997-04-18 00:00:00,BONAP,Laurence Lebihan
10512,1997-04-21 00:00:00,FAMIA,Aria Cruz
10513,1997-04-22 00:00:00,WANDK,Rita Mller
10514,1997-04-22 00:00:00,ERNSH,Roland Mendel
10515,1997-04-23 00:00:00,QUICK,Horst Kloss
10516,1997-04-24 00:00:00,HUNGO,Patricia McKenna
10517,1997-04-24 00:00:00,NORTS,Simon Crowther
10518,1997-04-25 00:00:00,TORTU,Miguel Angel Paolino
10519,1997-04-28 00:00:00,CHOPS,Yang Wang
10520,1997-04-29 00:00:00,SANTG,Jonas Bergulfsen
10521,1997-04-29 00:00:00,CACTU,Patricio Simpson
10522,1997-04-30 00:00:00,LEHMS,Renate Messner
10523,1997-05-01 00:00:00,SEVES,Hari Kumar
10524,1997-05-01 00:00:00,BERGS,Christina Berglund
10525,1997-05-02 00:00:00,BONAP,Laurence Lebihan
10526,1997-05-05 00:00:00,WARTH,Pirkko Koskitalo
10527,1997-05-05 00:00:00,QUICK,Horst Kloss
10528,1997-05-06 00:00:00,GREAL,Howard Snyder
10529,1997-05-07 00:00:00,MAISD,Catherine Dewey
10530,1997-05-08 00:00:00,PICCO,Georg Pipps
10531,1997-05-08 00:00:00,OCEAN,Yvonne Moncada
10532,1997-05-09 00:00:00,EASTC,Ann Devon
10533,1997-05-12 00:00:00,FOLKO,Maria Larsson
10534,1997-05-12 00:00:00,LEHMS,Renate Messner
10535,1997-05-13 00:00:00,ANTON,Antonio Moreno
10536,1997-05-14 00:00:00,LEHMS,Renate Messner
10537,1997-05-14 00:00:00,RICSU,Michael Holz
10538,1997-05-15 00:00:00,BSBEV,Victoria Ashworth
10539,1997-05-16 00:00:00,BSBEV,Victoria Ashworth
10540,1997-05-19 00:00:00,QUICK,Horst Kloss
10541,1997-05-19 00:00:00,HANAR,Mario Pontes
10542,1997-05-20 00:00:00,KOENE,Philip Cramer
10543,1997-05-21 00:00:00,LILAS,Carlos Gonzlez
10544,1997-05-21 00:00:00,LONEP,Fran Wilson
10545,1997-05-22 00:00:00,LAZYK,John Steel
10546,1997-05-23 00:00:00,VICTE,Mary Saveley
10547,1997-05-23 00:00:00,SEVES,Hari Kumar
10548,1997-05-26 00:00:00,TOMSP,Karin Josephs
10549,1997-05-27 00:00:00,QUICK,Horst Kloss
10550,1997-05-28 00:00:00,GODOS,Jos Pedro Freyre
10551,1997-05-28 00:00:00,FURIB,Lino Rodriguez
10552,1997-05-29 00:00:00,HILAA,Carlos Hernndez
10553,1997-05-30 00:00:00,WARTH,Pirkko Koskitalo
10554,1997-05-30 00:00:00,OTTIK,Henriette Pfalzheim
10555,1997-06-02 00:00:00,SAVEA,Jose Pavarotti
10556,1997-06-03 00:00:00,SIMOB,Jytte Petersen
10557,1997-06-03 00:00:00,LEHMS,Renate Messner
10558,1997-06-04 00:00:00,AROUT,Thomas Hardy
10559,1997-06-05 00:00:00,BLONP,Frdrique Citeaux
10560,1997-06-06 00:00:00,FRANK,Peter Franken
10561,1997-06-06 00:00:00,FOLKO,Maria Larsson
10562,1997-06-09 00:00:00,REGGC,Maurizio Moroni
10563,1997-06-10 00:00:00,RICAR,Janete Limeira
10564,1997-06-10 00:00:00,RATTC,Paula Wilson
10565,1997-06-11 00:00:00,MEREP,Jean Fresnire
10566,1997-06-12 00:00:00,BLONP,Frdrique Citeaux
10567,1997-06-12 00:00:00,HUNGO,Patricia McKenna
10568,1997-06-13 00:00:00,GALED,Eduardo Saavedra
10569,1997-06-16 00:00:00,RATTC,Paula Wilson
10570,1997-06-17 00:00:00,MEREP,Jean Fresnire
10571,1997-06-17 00:00:00,ERNSH,Roland Mendel
10572,1997-06-18 00:00:00,BERGS,Christina Berglund
10573,1997-06-19 00:00:00,ANTON,Antonio Moreno
10574,1997-06-19 00:00:00,TRAIH,Helvetius Nagy
10575,1997-06-20 00:00:00,MORGK,Alexander Feuer
10576,1997-06-23 00:00:00,TORTU,Miguel Angel Paolino
10577,1997-06-23 00:00:00,TRAIH,Helvetius Nagy
10578,1997-06-24 00:00:00,BSBEV,Victoria Ashworth
10579,1997-06-25 00:00:00,LETSS,Jaime Yorres
10580,1997-06-26 00:00:00,OTTIK,Henriette Pfalzheim
10581,1997-06-26 00:00:00,FAMIA,Aria Cruz
10582,1997-06-27 00:00:00,BLAUS,Hanna Moos
10583,1997-06-30 00:00:00,WARTH,Pirkko Koskitalo
10584,1997-06-30 00:00:00,BLONP,Frdrique Citeaux
10585,1997-07-01 00:00:00,WELLI,Paula Parente
10586,1997-07-02 00:00:00,REGGC,Maurizio Moroni
10587,1997-07-02 00:00:00,QUEDE,Bernardo Batista
10588,1997-07-03 00:00:00,QUICK,Horst Kloss
10589,1997-07-04 00:00:00,GREAL,Howard Snyder
10590,1997-07-07 00:00:00,MEREP,Jean Fresnire
10591,1997-07-07 00:00:00,VAFFE,Palle Ibsen
10592,1997-07-08 00:00:00,LEHMS,Renate Messner
10593,1997-07-09 00:00:00,LEHMS,Renate Messner
10594,1997-07-09 00:00:00,OLDWO,Rene Phillips
10595,1997-07-10 00:00:00,ERNSH,Roland Mendel
10596,1997-07-11 00:00:00,WHITC,Karl Jablonski
10597,1997-07-11 00:00:00,PICCO,Georg Pipps
10598,1997-07-14 00:00:00,RATTC,Paula Wilson
10599,1997-07-15 00:00:00,BSBEV,Victoria Ashworth
10600,1997-07-16 00:00:00,HUNGC,Yoshi Latimer
10601,1997-07-16 00:00:00,HILAA,Carlos Hernndez
10602,1997-07-17 00:00:00,VAFFE,Palle Ibsen
10603,1997-07-18 00:00:00,SAVEA,Jose Pavarotti
10604,1997-07-18 00:00:00,FURIB,Lino Rodriguez
10605,1997-07-21 00:00:00,MEREP,Jean Fresnire
10606,1997-07-22 00:00:00,TRADH,Anabela Domingues
10607,1997-07-22 00:00:00,SAVEA,Jose Pavarotti
10608,1997-07-23 00:00:00,TOMSP,Karin Josephs
10609,1997-07-24 00:00:00,DUMON,Janine Labrune
10610,1997-07-25 00:00:00,LAMAI,Annette Roulet
10611,1997-07-25 00:00:00,WOLZA,Zbyszek Piestrzeniewicz
10612,1997-07-28 00:00:00,SAVEA,Jose Pavarotti
10613,1997-07-29 00:00:00,HILAA,Carlos Hernndez
10614,1997-07-29 00:00:00,BLAUS,Hanna Moos
10615,1997-07-30 00:00:00,WILMK,Matti Karttunen
10616,1997-07-31 00:00:00,GREAL,Howard Snyder
10617,1997-07-31 00:00:00,GREAL,Howard Snyder
10618,1997-08-01 00:00:00,MEREP,Jean Fresnire
10619,1997-08-04 00:00:00,MEREP,Jean Fresnire
10620,1997-08-05 00:00:00,LAUGB,Yoshi Tannamuri
10621,1997-08-05 00:00:00,ISLAT,Helen Bennett
10622,1997-08-06 00:00:00,RICAR,Janete Limeira
10623,1997-08-07 00:00:00,FRANK,Peter Franken
10624,1997-08-07 00:00:00,THECR,Liu Wong
10625,1997-08-08 00:00:00,ANATR,Ana Trujillo
10626,1997-08-11 00:00:00,BERGS,Christina Berglund
10627,1997-08-11 00:00:00,SAVEA,Jose Pavarotti
10628,1997-08-12 00:00:00,BLONP,Frdrique Citeaux
10629,1997-08-12 00:00:00,GODOS,Jos Pedro Freyre
10630,1997-08-13 00:00:00,KOENE,Philip Cramer
10631,1997-08-14 00:00:00,LAMAI,Annette Roulet
10632,1997-08-14 00:00:00,WANDK,Rita Mller
10633,1997-08-15 00:00:00,ERNSH,Roland Mendel
10634,1997-08-15 00:00:00,FOLIG,Martine Ranc
10635,1997-08-18 00:00:00,MAGAA,Giovanni Rovelli
10636,1997-08-19 00:00:00,WARTH,Pirkko Koskitalo
10637,1997-08-19 00:00:00,QUEEN,Lcia Carvalho
10638,1997-08-20 00:00:00,LINOD,Felipe Izquierdo
10639,1997-08-20 00:00:00,SANTG,Jonas Bergulfsen
10640,1997-08-21 00:00:00,WANDK,Rita Mller
10641,1997-08-22 00:00:00,HILAA,Carlos Hernndez
10642,1997-08-22 00:00:00,SIMOB,Jytte Petersen
10643,1997-08-25 00:00:00,ALFKI,Maria Anders
10644,1997-08-25 00:00:00,WELLI,Paula Parente
10645,1997-08-26 00:00:00,HANAR,Mario Pontes
10646,1997-08-27 00:00:00,HUNGO,Patricia McKenna
10647,1997-08-27 00:00:00,QUEDE,Bernardo Batista
10648,1997-08-28 00:00:00,RICAR,Janete Limeira
10649,1997-08-28 00:00:00,MAISD,Catherine Dewey
10650,1997-08-29 00:00:00,FAMIA,Aria Cruz
10651,1997-09-01 00:00:00,WANDK,Rita Mller
10652,1997-09-01 00:00:00,GOURL,Andr Fonseca
10653,1997-09-02 00:00:00,FRANK,Peter Franken
10654,1997-09-02 00:00:00,BERGS,Christina Berglund
10655,1997-09-03 00:00:00,REGGC,Maurizio Moroni
10656,1997-09-04 00:00:00,GREAL,Howard Snyder
10657,1997-09-04 00:00:00,SAVEA,Jose Pavarotti
10658,1997-09-05 00:00:00,QUICK,Horst Kloss
10659,1997-09-05 00:00:00,QUEEN,Lcia Carvalho
10660,1997-09-08 00:00:00,HUNGC,Yoshi Latimer
10661,1997-09-09 00:00:00,HUNGO,Patricia McKenna
10662,1997-09-09 00:00:00,LONEP,Fran Wilson
10663,1997-09-10 00:00:00,BONAP,Laurence Lebihan
10664,1997-09-10 00:00:00,FURIB,Lino Rodriguez
10665,1997-09-11 00:00:00,LONEP,Fran Wilson
10666,1997-09-12 00:00:00,RICSU,Michael Holz
10667,1997-09-12 00:00:00,ERNSH,Roland Mendel
10668,1997-09-15 00:00:00,WANDK,Rita Mller
10669,1997-09-15 00:00:00,SIMOB,Jytte Petersen
10670,1997-09-16 00:00:00,FRANK,Peter Franken
10671,1997-09-17 00:00:00,FRANR,Carine Schmitt
10672,1997-09-17 00:00:00,BERGS,Christina Berglund
10673,1997-09-18 00:00:00,WILMK,Matti Karttunen
10674,1997-09-18 00:00:00,ISLAT,Helen Bennett
10675,1997-09-19 00:00:00,FRANK,Peter Franken
10676,1997-09-22 00:00:00,TORTU,Miguel Angel Paolino
10677,1997-09-22 00:00:00,ANTON,Antonio Moreno
10678,1997-09-23 00:00:00,SAVEA,Jose Pavarotti
10679,1997-09-23 00:00:00,BLONP,Frdrique Citeaux
10680,1997-09-24 00:00:00,OLDWO,Rene Phillips
10681,1997-09-25 00:00:00,GREAL,Howard Snyder
10682,1997-09-25 00:00:00,ANTON,Antonio Moreno
10683,1997-09-26 00:00:00,DUMON,Janine Labrune
10684,1997-09-26 00:00:00,OTTIK,Henriette Pfalzheim
10685,1997-09-29 00:00:00,GOURL,Andr Fonseca
10686,1997-09-30 00:00:00,PICCO,Georg Pipps
10687,1997-09-30 00:00:00,HUNGO,Patricia McKenna
10688,1997-10-01 00:00:00,VAFFE,Palle Ibsen
10689,1997-10-01 00:00:00,BERGS,Christina Berglund
10690,1997-10-02 00:00:00,HANAR,Mario Pontes
10691,1997-10-03 00:00:00,QUICK,Horst Kloss
10692,1997-10-03 00:00:00,ALFKI,Maria Anders
10693,1997-10-06 00:00:00,WHITC,Karl Jablonski
10694,1997-10-06 00:00:00,QUICK,Horst Kloss
10695,1997-10-07 00:00:00,WILMK,Matti Karttunen
10696,1997-10-08 00:00:00,WHITC,Karl Jablonski
10697,1997-10-08 00:00:00,LINOD,Felipe Izquierdo
10698,1997-10-09 00:00:00,ERNSH,Roland Mendel
10699,1997-10-09 00:00:00,MORGK,Alexander Feuer
10700,1997-10-10 00:00:00,SAVEA,Jose Pavarotti
10701,1997-10-13 00:00:00,HUNGO,Patricia McKenna
10702,1997-10-13 00:00:00,ALFKI,Maria Anders
10703,1997-10-14 00:00:00,FOLKO,Maria Larsson
10704,1997-10-14 00:00:00,QUEEN,Lcia Carvalho
10705,1997-10-15 00:00:00,HILAA,Carlos Hernndez
10706,1997-10-16 00:00:00,OLDWO,Rene Phillips
10707,1997-10-16 00:00:00,AROUT,Thomas Hardy
10708,1997-10-17 00:00:00,THEBI,Liz Nixon
10709,1997-10-17 00:00:00,GOURL,Andr Fonseca
10710,1997-10-20 00:00:00,FRANS,Paolo Accorti
10711,1997-10-21 00:00:00,SAVEA,Jose Pavarotti
10712,1997-10-21 00:00:00,HUNGO,Patricia McKenna
10713,1997-10-22 00:00:00,SAVEA,Jose Pavarotti
10714,1997-10-22 00:00:00,SAVEA,Jose Pavarotti
10715,1997-10-23 00:00:00,BONAP,Laurence Lebihan
10716,1997-10-24 00:00:00,RANCH,Sergio Gutirrez
10717,1997-10-24 00:00:00,FRANK,Peter Franken
10718,1997-10-27 00:00:00,KOENE,Philip Cramer
10719,1997-10-27 00:00:00,LETSS,Jaime Yorres
10720,1997-10-28 00:00:00,QUEDE,Bernardo Batista
10721,1997-10-29 00:00:00,QUICK,Horst Kloss
10722,1997-10-29 00:00:00,SAVEA,Jose Pavarotti
10723,1997-10-30 00:00:00,WHITC,Karl Jablonski
10724,1997-10-30 00:00:00,MEREP,Jean Fresnire
10725,1997-10-31 00:00:00,FAMIA,Aria Cruz
10726,1997-11-03 00:00:00,EASTC,Ann Devon
10727,1997-11-03 00:00:00,REGGC,Maurizio Moroni
10728,1997-11-04 00:00:00,QUEEN,Lcia Carvalho
10729,1997-11-04 00:00:00,LINOD,Felipe Izquierdo
10730,1997-11-05 00:00:00,BONAP,Laurence Lebihan
10731,1997-11-06 00:00:00,CHOPS,Yang Wang
10732,1997-11-06 00:00:00,BONAP,Laurence Lebihan
10733,1997-11-07 00:00:00,BERGS,Christina Berglund
10734,1997-11-07 00:00:00,GOURL,Andr Fonseca
10735,1997-11-10 00:00:00,LETSS,Jaime Yorres
10736,1997-11-11 00:00:00,HUNGO,Patricia McKenna
10737,1997-11-11 00:00:00,VINET,Paul Henriot
10738,1997-11-12 00:00:00,SPECD,Dominique Perrier
10739,1997-11-12 00:00:00,VINET,Paul Henriot
10740,1997-11-13 00:00:00,WHITC,Karl Jablonski
10741,1997-11-14 00:00:00,AROUT,Thomas Hardy
10742,1997-11-14 00:00:00,BOTTM,Elizabeth Lincoln
10743,1997-11-17 00:00:00,AROUT,Thomas Hardy
10744,1997-11-17 00:00:00,VAFFE,Palle Ibsen
10745,1997-11-18 00:00:00,QUICK,Horst Kloss
10746,1997-11-19 00:00:00,CHOPS,Yang Wang
10747,1997-11-19 00:00:00,PICCO,Georg Pipps
10748,1997-11-20 00:00:00,SAVEA,Jose Pavarotti
10749,1997-11-20 00:00:00,ISLAT,Helen Bennett
10750,1997-11-21 00:00:00,WARTH,Pirkko Koskitalo
10751,1997-11-24 00:00:00,RICSU,Michael Holz
10752,1997-11-24 00:00:00,NORTS,Simon Crowther
10753,1997-11-25 00:00:00,FRANS,Paolo Accorti
10754,1997-11-25 00:00:00,MAGAA,Giovanni Rovelli
10755,1997-11-26 00:00:00,BONAP,Laurence Lebihan
10756,1997-11-27 00:00:00,SPLIR,Art Braunschweiger
10757,1997-11-27 00:00:00,SAVEA,Jose Pavarotti
10758,1997-11-28 00:00:00,RICSU,Michael Holz
10759,1997-11-28 00:00:00,ANATR,Ana Trujillo
10760,1997-12-01 00:00:00,MAISD,Catherine Dewey
10761,1997-12-02 00:00:00,RATTC,Paula Wilson
10762,1997-12-02 00:00:00,FOLKO,Maria Larsson
10763,1997-12-03 00:00:00,FOLIG,Martine Ranc
10764,1997-12-03 00:00:00,ERNSH,Roland Mendel
10765,1997-12-04 00:00:00,QUICK,Horst Kloss
10766,1997-12-05 00:00:00,OTTIK,Henriette Pfalzheim
10767,1997-12-05 00:00:00,SUPRD,Pascale Cartrain
10768,1997-12-08 00:00:00,AROUT,Thomas Hardy
10769,1997-12-08 00:00:00,VAFFE,Palle Ibsen
10770,1997-12-09 00:00:00,HANAR,Mario Pontes
10771,1997-12-10 00:00:00,ERNSH,Roland Mendel
10772,1997-12-10 00:00:00,LEHMS,Renate Messner
10773,1997-12-11 00:00:00,ERNSH,Roland Mendel
10774,1997-12-11 00:00:00,FOLKO,Maria Larsson
10775,1997-12-12 00:00:00,THECR,Liu Wong
10776,1997-12-15 00:00:00,ERNSH,Roland Mendel
10777,1997-12-15 00:00:00,GOURL,Andr Fonseca
10778,1997-12-16 00:00:00,BERGS,Christina Berglund
10779,1997-12-16 00:00:00,MORGK,Alexander Feuer
10780,1997-12-16 00:00:00,LILAS,Carlos Gonzlez
10781,1997-12-17 00:00:00,WARTH,Pirkko Koskitalo
10782,1997-12-17 00:00:00,CACTU,Patricio Simpson
10783,1997-12-18 00:00:00,HANAR,Mario Pontes
10784,1997-12-18 00:00:00,MAGAA,Giovanni Rovelli
10785,1997-12-18 00:00:00,GROSR,Manuel Pereira
10786,1997-12-19 00:00:00,QUEEN,Lcia Carvalho
10787,1997-12-19 00:00:00,LAMAI,Annette Roulet
10788,1997-12-22 00:00:00,QUICK,Horst Kloss
10789,1997-12-22 00:00:00,FOLIG,Martine Ranc
10790,1997-12-22 00:00:00,GOURL,Andr Fonseca
10791,1997-12-23 00:00:00,FRANK,Peter Franken
10792,1997-12-23 00:00:00,WOLZA,Zbyszek Piestrzeniewicz
10793,1997-12-24 00:00:00,AROUT,Thomas Hardy
10794,1997-12-24 00:00:00,QUEDE,Bernardo Batista
10795,1997-12-24 00:00:00,ERNSH,Roland Mendel
10796,1997-12-25 00:00:00,HILAA,Carlos Hernndez
10797,1997-12-25 00:00:00,DRACD,Sven Ottlieb
10798,1997-12-26 00:00:00,ISLAT,Helen Bennett
10799,1997-12-26 00:00:00,KOENE,Philip Cramer
10800,1997-12-26 00:00:00,SEVES,Hari Kumar
10801,1997-12-29 00:00:00,BOLID,Martn Sommer
10802,1997-12-29 00:00:00,SIMOB,Jytte Petersen
10803,1997-12-30 00:00:00,WELLI,Paula Parente
10804,1997-12-30 00:00:00,SEVES,Hari Kumar
10805,1997-12-30 00:00:00,THEBI,Liz Nixon
10806,1997-12-31 00:00:00,VICTE,Mary Saveley
10807,1997-12-31 00:00:00,FRANS,Paolo Accorti
10808,1998-01-01 00:00:00,OLDWO,Rene Phillips
10809,1998-01-01 00:00:00,WELLI,Paula Parente
10810,1998-01-01 00:00:00,LAUGB,Yoshi Tannamuri
10811,1998-01-02 00:00:00,LINOD,Felipe Izquierdo
10812,1998-01-02 00:00:00,REGGC,Maurizio Moroni
10813,1998-01-05 00:00:00,RICAR,Janete Limeira
10814,1998-01-05 00:00:00,VICTE,Mary Saveley
10815,1998-01-05 00:00:00,SAVEA,Jose Pavarotti
10816,1998-01-06 00:00:00,GREAL,Howard Snyder
10817,1998-01-06 00:00:00,KOENE,Philip Cramer
10818,1998-01-07 00:00:00,MAGAA,Giovanni Rovelli
10819,1998-01-07 00:00:00,CACTU,Patricio Simpson
10820,1998-01-07 00:00:00,RATTC,Paula Wilson
10821,1998-01-08 00:00:00,SPLIR,Art Braunschweiger
10822,1998-01-08 00:00:00,TRAIH,Helvetius Nagy
10823,1998-01-09 00:00:00,LILAS,Carlos Gonzlez
10824,1998-01-09 00:00:00,FOLKO,Maria Larsson
10825,1998-01-09 00:00:00,DRACD,Sven Ottlieb
10826,1998-01-12 00:00:00,BLONP,Frdrique Citeaux
10827,1998-01-12 00:00:00,BONAP,Laurence Lebihan
10828,1998-01-13 00:00:00,RANCH,Sergio Gutirrez
10829,1998-01-13 00:00:00,ISLAT,Helen Bennett
10830,1998-01-13 00:00:00,TRADH,Anabela Domingues
10831,1998-01-14 00:00:00,SANTG,Jonas Bergulfsen
10832,1998-01-14 00:00:00,LAMAI,Annette Roulet
10833,1998-01-15 00:00:00,OTTIK,Henriette Pfalzheim
10834,1998-01-15 00:00:00,TRADH,Anabela Domingues
10835,1998-01-15 00:00:00,ALFKI,Maria Anders
10836,1998-01-16 00:00:00,ERNSH,Roland Mendel
10837,1998-01-16 00:00:00,BERGS,Christina Berglund
10838,1998-01-19 00:00:00,LINOD,Felipe Izquierdo
10839,1998-01-19 00:00:00,TRADH,Anabela Domingues
10840,1998-01-19 00:00:00,LINOD,Felipe Izquierdo
10841,1998-01-20 00:00:00,SUPRD,Pascale Cartrain
10842,1998-01-20 00:00:00,TORTU,Miguel Angel Paolino
10843,1998-01-21 00:00:00,VICTE,Mary Saveley
10844,1998-01-21 00:00:00,PICCO,Georg Pipps
10845,1998-01-21 00:00:00,QUICK,Horst Kloss
10846,1998-01-22 00:00:00,SUPRD,Pascale Cartrain
10847,1998-01-22 00:00:00,SAVEA,Jose Pavarotti
10848,1998-01-23 00:00:00,CONSH,Elizabeth Brown
10849,1998-01-23 00:00:00,KOENE,Philip Cramer
10850,1998-01-23 00:00:00,VICTE,Mary Saveley
10851,1998-01-26 00:00:00,RICAR,Janete Limeira
10852,1998-01-26 00:00:00,RATTC,Paula Wilson
10853,1998-01-27 00:00:00,BLAUS,Hanna Moos
10854,1998-01-27 00:00:00,ERNSH,Roland Mendel
10855,1998-01-27 00:00:00,OLDWO,Rene Phillips
10856,1998-01-28 00:00:00,ANTON,Antonio Moreno
10857,1998-01-28 00:00:00,BERGS,Christina Berglund
10858,1998-01-29 00:00:00,LACOR,Daniel Tonini
10859,1998-01-29 00:00:00,FRANK,Peter Franken
10860,1998-01-29 00:00:00,FRANR,Carine Schmitt
10861,1998-01-30 00:00:00,WHITC,Karl Jablonski
10862,1998-01-30 00:00:00,LEHMS,Renate Messner
10863,1998-02-02 00:00:00,HILAA,Carlos Hernndez
10864,1998-02-02 00:00:00,AROUT,Thomas Hardy
10865,1998-02-02 00:00:00,QUICK,Horst Kloss
10866,1998-02-03 00:00:00,BERGS,Christina Berglund
10867,1998-02-03 00:00:00,LONEP,Fran Wilson
10868,1998-02-04 00:00:00,QUEEN,Lcia Carvalho
10869,1998-02-04 00:00:00,SEVES,Hari Kumar
10870,1998-02-04 00:00:00,WOLZA,Zbyszek Piestrzeniewicz
10871,1998-02-05 00:00:00,BONAP,Laurence Lebihan
10872,1998-02-05 00:00:00,GODOS,Jos Pedro Freyre
10873,1998-02-06 00:00:00,WILMK,Matti Karttunen
10874,1998-02-06 00:00:00,GODOS,Jos Pedro Freyre
10875,1998-02-06 00:00:00,BERGS,Christina Berglund
10876,1998-02-09 00:00:00,BONAP,Laurence Lebihan
10877,1998-02-09 00:00:00,RICAR,Janete Limeira
10878,1998-02-10 00:00:00,QUICK,Horst Kloss
10879,1998-02-10 00:00:00,WILMK,Matti Karttunen
10880,1998-02-10 00:00:00,FOLKO,Maria Larsson
10881,1998-02-11 00:00:00,CACTU,Patricio Simpson
10882,1998-02-11 00:00:00,SAVEA,Jose Pavarotti
10883,1998-02-12 00:00:00,LONEP,Fran Wilson
10884,1998-02-12 00:00:00,LETSS,Jaime Yorres
10885,1998-02-12 00:00:00,SUPRD,Pascale Cartrain
10886,1998-02-13 00:00:00,HANAR,Mario Pontes
10887,1998-02-13 00:00:00,GALED,Eduardo Saavedra
10888,1998-02-16 00:00:00,GODOS,Jos Pedro Freyre
10889,1998-02-16 00:00:00,RATTC,Paula Wilson
10890,1998-02-16 00:00:00,DUMON,Janine Labrune
10891,1998-02-17 00:00:00,LEHMS,Renate Messner
10892,1998-02-17 00:00:00,MAISD,Catherine Dewey
10893,1998-02-18 00:00:00,KOENE,Philip Cramer
10894,1998-02-18 00:00:00,SAVEA,Jose Pavarotti
10895,1998-02-18 00:00:00,ERNSH,Roland Mendel
10896,1998-02-19 00:00:00,MAISD,Catherine Dewey
10897,1998-02-19 00:00:00,HUNGO,Patricia McKenna
10898,1998-02-20 00:00:00,OCEAN,Yvonne Moncada
10899,1998-02-20 00:00:00,LILAS,Carlos Gonzlez
10900,1998-02-20 00:00:00,WELLI,Paula Parente
10901,1998-02-23 00:00:00,HILAA,Carlos Hernndez
10902,1998-02-23 00:00:00,FOLKO,Maria Larsson
10903,1998-02-24 00:00:00,HANAR,Mario Pontes
10904,1998-02-24 00:00:00,WHITC,Karl Jablonski
10905,1998-02-24 00:00:00,WELLI,Paula Parente
10906,1998-02-25 00:00:00,WOLZA,Zbyszek Piestrzeniewicz
10907,1998-02-25 00:00:00,SPECD,Dominique Perrier
10908,1998-02-26 00:00:00,REGGC,Maurizio Moroni
10909,1998-02-26 00:00:00,SANTG,Jonas Bergulfsen
10910,1998-02-26 00:00:00,WILMK,Matti Karttunen
10911,1998-02-26 00:00:00,GODOS,Jos Pedro Freyre
10912,1998-02-26 00:00:00,HUNGO,Patricia McKenna
10913,1998-02-26 00:00:00,QUEEN,Lcia Carvalho
10914,1998-02-27 00:00:00,QUEEN,Lcia Carvalho
10915,1998-02-27 00:00:00,TORTU,Miguel Angel Paolino
10916,1998-02-27 00:00:00,RANCH,Sergio Gutirrez
10917,1998-03-02 00:00:00,ROMEY,Alejandra Camino
10918,1998-03-02 00:00:00,BOTTM,Elizabeth Lincoln
10919,1998-03-02 00:00:00,LINOD,Felipe Izquierdo
10920,1998-03-03 00:00:00,AROUT,Thomas Hardy
10921,1998-03-03 00:00:00,VAFFE,Palle Ibsen
10922,1998-03-03 00:00:00,HANAR,Mario Pontes
10923,1998-03-03 00:00:00,LAMAI,Annette Roulet
10924,1998-03-04 00:00:00,BERGS,Christina Berglund
10925,1998-03-04 00:00:00,HANAR,Mario Pontes
10926,1998-03-04 00:00:00,ANATR,Ana Trujillo
10927,1998-03-05 00:00:00,LACOR,Daniel Tonini
10928,1998-03-05 00:00:00,GALED,Eduardo Saavedra
10929,1998-03-05 00:00:00,FRANK,Peter Franken
10930,1998-03-06 00:00:00,SUPRD,Pascale Cartrain
10931,1998-03-06 00:00:00,RICSU,Michael Holz
10932,1998-03-06 00:00:00,BONAP,Laurence Lebihan
10933,1998-03-06 00:00:00,ISLAT,Helen Bennett
10934,1998-03-09 00:00:00,LEHMS,Renate Messner
10935,1998-03-09 00:00:00,WELLI,Paula Parente
10936,1998-03-09 00:00:00,GREAL,Howard Snyder
10937,1998-03-10 00:00:00,CACTU,Patricio Simpson
10938,1998-03-10 00:00:00,QUICK,Horst Kloss
10939,1998-03-10 00:00:00,MAGAA,Giovanni Rovelli
10940,1998-03-11 00:00:00,BONAP,Laurence Lebihan
10941,1998-03-11 00:00:00,SAVEA,Jose Pavarotti
10942,1998-03-11 00:00:00,REGGC,Maurizio Moroni
10943,1998-03-11 00:00:00,BSBEV,Victoria Ashworth
10944,1998-03-12 00:00:00,BOTTM,Elizabeth Lincoln
10945,1998-03-12 00:00:00,MORGK,Alexander Feuer
10946,1998-03-12 00:00:00,VAFFE,Palle Ibsen
10947,1998-03-13 00:00:00,BSBEV,Victoria Ashworth
10948,1998-03-13 00:00:00,GODOS,Jos Pedro Freyre
10949,1998-03-13 00:00:00,BOTTM,Elizabeth Lincoln
10950,1998-03-16 00:00:00,MAGAA,Giovanni Rovelli
10951,1998-03-16 00:00:00,RICSU,Michael Holz
10952,1998-03-16 00:00:00,ALFKI,Maria Anders
10953,1998-03-16 00:00:00,AROUT,Thomas Hardy
10954,1998-03-17 00:00:00,LINOD,Felipe Izquierdo
10955,1998-03-17 00:00:00,FOLKO,Maria Larsson
10956,1998-03-17 00:00:00,BLAUS,Hanna Moos
10957,1998-03-18 00:00:00,HILAA,Carlos Hernndez
10958,1998-03-18 00:00:00,OCEAN,Yvonne Moncada
10959,1998-03-18 00:00:00,GOURL,Andr Fonseca
10960,1998-03-19 00:00:00,HILAA,Carlos Hernndez
10961,1998-03-19 00:00:00,QUEEN,Lcia Carvalho
10962,1998-03-19 00:00:00,QUICK,Horst Kloss
10963,1998-03-19 00:00:00,FURIB,Lino Rodriguez
10964,1998-03-20 00:00:00,SPECD,Dominique Perrier
10965,1998-03-20 00:00:00,OLDWO,Rene Phillips
10966,1998-03-20 00:00:00,CHOPS,Yang Wang
10967,1998-03-23 00:00:00,TOMSP,Karin Josephs
10968,1998-03-23 00:00:00,ERNSH,Roland Mendel
10969,1998-03-23 00:00:00,COMMI,Pedro Afonso
10970,1998-03-24 00:00:00,BOLID,Martn Sommer
10971,1998-03-24 00:00:00,FRANR,Carine Schmitt
10972,1998-03-24 00:00:00,LACOR,Daniel Tonini
10973,1998-03-24 00:00:00,LACOR,Daniel Tonini
10974,1998-03-25 00:00:00,SPLIR,Art Braunschweiger
10975,1998-03-25 00:00:00,BOTTM,Elizabeth Lincoln
10976,1998-03-25 00:00:00,HILAA,Carlos Hernndez
10977,1998-03-26 00:00:00,FOLKO,Maria Larsson
10978,1998-03-26 00:00:00,MAISD,Catherine Dewey
10979,1998-03-26 00:00:00,ERNSH,Roland Mendel
10980,1998-03-27 00:00:00,FOLKO,Maria Larsson
10981,1998-03-27 00:00:00,HANAR,Mario Pontes
10982,1998-03-27 00:00:00,BOTTM,Elizabeth Lincoln
10983,1998-03-27 00:00:00,SAVEA,Jose Pavarotti
10984,1998-03-30 00:00:00,SAVEA,Jose Pavarotti
10985,1998-03-30 00:00:00,HUNGO,Patricia McKenna
10986,1998-03-30 00:00:00,OCEAN,Yvonne Moncada
10987,1998-03-31 00:00:00,EASTC,Ann Devon
10988,1998-03-31 00:00:00,RATTC,Paula Wilson
10989,1998-03-31 00:00:00,QUEDE,Bernardo Batista
10990,1998-04-01 00:00:00,ERNSH,Roland Mendel
10991,1998-04-01 00:00:00,QUICK,Horst Kloss
10992,1998-04-01 00:00:00,THEBI,Liz Nixon
10993,1998-04-01 00:00:00,FOLKO,Maria Larsson
10994,1998-04-02 00:00:00,VAFFE,Palle Ibsen
10995,1998-04-02 00:00:00,PERIC,Guillermo Fernndez
10996,1998-04-02 00:00:00,QUICK,Horst Kloss
10997,1998-04-03 00:00:00,LILAS,Carlos Gonzlez
10998,1998-04-03 00:00:00,WOLZA,Zbyszek Piestrzeniewicz
10999,1998-04-03 00:00:00,OTTIK,Henriette Pfalzheim
11000,1998-04-06 00:00:00,RATTC,Paula Wilson
11001,1998-04-06 00:00:00,FOLKO,Maria Larsson
11002,1998-04-06 00:00:00,SAVEA,Jose Pavarotti
11003,1998-04-06 00:00:00,THECR,Liu Wong
11004,1998-04-07 00:00:00,MAISD,Catherine Dewey
11005,1998-04-07 00:00:00,WILMK,Matti Karttunen
11006,1998-04-07 00:00:00,GREAL,Howard Snyder
11007,1998-04-08 00:00:00,PRINI,Isabel de Castro
11008,1998-04-08 00:00:00,ERNSH,Roland Mendel
11009,1998-04-08 00:00:00,GODOS,Jos Pedro Freyre
11010,1998-04-09 00:00:00,REGGC,Maurizio Moroni
11011,1998-04-09 00:00:00,ALFKI,Maria Anders
11012,1998-04-09 00:00:00,FRANK,Peter Franken
11013,1998-04-09 00:00:00,ROMEY,Alejandra Camino
11014,1998-04-10 00:00:00,LINOD,Felipe Izquierdo
11015,1998-04-10 00:00:00,SANTG,Jonas Bergulfsen
11016,1998-04-10 00:00:00,AROUT,Thomas Hardy
11017,1998-04-13 00:00:00,ERNSH,Roland Mendel
11018,1998-04-13 00:00:00,LONEP,Fran Wilson
11019,1998-04-13 00:00:00,RANCH,Sergio Gutirrez
11020,1998-04-14 00:00:00,OTTIK,Henriette Pfalzheim
11021,1998-04-14 00:00:00,QUICK,Horst Kloss
11022,1998-04-14 00:00:00,HANAR,Mario Pontes
11023,1998-04-14 00:00:00,BSBEV,Victoria Ashworth
11024,1998-04-15 00:00:00,EASTC,Ann Devon
11025,1998-04-15 00:00:00,WARTH,Pirkko Koskitalo
11026,1998-04-15 00:00:00,FRANS,Paolo Accorti
11027,1998-04-16 00:00:00,BOTTM,Elizabeth Lincoln
11028,1998-04-16 00:00:00,KOENE,Philip Cramer
11029,1998-04-16 00:00:00,CHOPS,Yang Wang
11030,1998-04-17 00:00:00,SAVEA,Jose Pavarotti
11031,1998-04-17 00:00:00,SAVEA,Jose Pavarotti
11032,1998-04-17 00:00:00,WHITC,Karl Jablonski
11033,1998-04-17 00:00:00,RICSU,Michael Holz
11034,1998-04-20 00:00:00,OLDWO,Rene Phillips
11035,1998-04-20 00:00:00,SUPRD,Pascale Cartrain
11036,1998-04-20 00:00:00,DRACD,Sven Ottlieb
11037,1998-04-21 00:00:00,GODOS,Jos Pedro Freyre
11038,1998-04-21 00:00:00,SUPRD,Pascale Cartrain
11039,1998-04-21 00:00:00,LINOD,Felipe Izquierdo
11040,1998-04-22 00:00:00,GREAL,Howard Snyder
11041,1998-04-22 00:00:00,CHOPS,Yang Wang
11042,1998-04-22 00:00:00,COMMI,Pedro Afonso
11043,1998-04-22 00:00:00,SPECD,Dominique Perrier
11044,1998-04-23 00:00:00,WOLZA,Zbyszek Piestrzeniewicz
11045,1998-04-23 00:00:00,BOTTM,Elizabeth Lincoln
11046,1998-04-23 00:00:00,WANDK,Rita Mller
11047,1998-04-24 00:00:00,EASTC,Ann Devon
11048,1998-04-24 00:00:00,BOTTM,Elizabeth Lincoln
11049,1998-04-24 00:00:00,GOURL,Andr Fonseca
11050,1998-04-27 00:00:00,FOLKO,Maria Larsson
11051,1998-04-27 00:00:00,LAMAI,Annette Roulet
11052,1998-04-27 00:00:00,HANAR,Mario Pontes
11053,1998-04-27 00:00:00,PICCO,Georg Pipps
11054,1998-04-28 00:00:00,CACTU,Patricio Simpson
11055,1998-04-28 00:00:00,HILAA,Carlos Hernndez
11056,1998-04-28 00:00:00,EASTC,Ann Devon
11057,1998-04-29 00:00:00,NORTS,Simon Crowther
11058,1998-04-29 00:00:00,BLAUS,Hanna Moos
11059,1998-04-29 00:00:00,RICAR,Janete Limeira
11060,1998-04-30 00:00:00,FRANS,Paolo Accorti
11061,1998-04-30 00:00:00,GREAL,Howard Snyder
11062,1998-04-30 00:00:00,REGGC,Maurizio Moroni
11063,1998-04-30 00:00:00,HUNGO,Patricia McKenna
11064,1998-05-01 00:00:00,SAVEA,Jose Pavarotti
11065,1998-05-01 00:00:00,LILAS,Carlos Gonzlez
11066,1998-05-01 00:00:00,WHITC,Karl Jablonski
11067,1998-05-04 00:00:00,DRACD,Sven Ottlieb
11068,1998-05-04 00:00:00,QUEEN,Lcia Carvalho
11069,1998-05-04 00:00:00,TORTU,Miguel Angel Paolino
11070,1998-05-05 00:00:00,LEHMS,Renate Messner
11071,1998-05-05 00:00:00,LILAS,Carlos Gonzlez
11072,1998-05-05 00:00:00,ERNSH,Roland Mendel
11073,1998-05-05 00:00:00,PERIC,Guillermo Fernndez
11074,1998-05-06 00:00:00,SIMOB,Jytte Petersen
11075,1998-05-06 00:00:00,RICSU,Michael Holz
11076,1998-05-06 00:00:00,BONAP,Laurence Lebihan
11077,1998-05-06 00:00:00,RATTC,Paula Wilson
